"site_id","site_x","site_y","shore_x","shore_y","source_id","distance_m"
8807,317780,550600,307651.852941176,545653.052941176,"D37A7FA2-A0B8-4655-A24F-0B116150F229",11271.7189482332
8839,308122,544142,307987.846270315,544138.419198009,"D17159F3-209A-44DA-8EBC-97CF12BCCAA1",134.201510167244
8853,320020,558380,307651.852941176,545653.052941176,"D37A7FA2-A0B8-4655-A24F-0B116150F229",17746.7248557807
8886,313120,540280,307800.96,541793.98,"D17159F3-209A-44DA-8EBC-97CF12BCCAA1",5530.30939116427
8897,339970,555030,307651.852941176,545653.052941176,"D37A7FA2-A0B8-4655-A24F-0B116150F229",33650.9994719284
8993,319910,548000,307980.61,544362.77,"D17159F3-209A-44DA-8EBC-97CF12BCCAA1",12471.5591585415
8994,317530,541430,307920.033660137,542564.444806946,"D17159F3-209A-44DA-8EBC-97CF12BCCAA1",9676.6945840667
8995,317060,541460,307918.26,542549.42,"D17159F3-209A-44DA-8EBC-97CF12BCCAA1",9206.4241790176
9001,323910,544530,307988.737403579,544105.033143359,"D17159F3-209A-44DA-8EBC-97CF12BCCAA1",15926.9331477668
9002,323740,544630,307987.44,544153.64,"D17159F3-209A-44DA-8EBC-97CF12BCCAA1",15759.7609564105
9024,339820,554470,307651.852941176,545653.052941176,"D37A7FA2-A0B8-4655-A24F-0B116150F229",33354.5835026642
9027,322511,562891,307651.852941176,545653.052941176,"D37A7FA2-A0B8-4655-A24F-0B116150F229",22758.3187014891
9072,318020,547230,307980.61,544362.77,"D17159F3-209A-44DA-8EBC-97CF12BCCAA1",10440.8026245591
9100,331850,559230,307651.852941176,545653.052941176,"D37A7FA2-A0B8-4655-A24F-0B116150F229",27746.780218947
9123,338550,557430,307651.852941176,545653.052941176,"D37A7FA2-A0B8-4655-A24F-0B116150F229",33066.4780963292
9136,336100,558800,307651.852941176,545653.052941176,"D37A7FA2-A0B8-4655-A24F-0B116150F229",31339.101583293
9139,342900,552560,307980.61,544362.77,"D17159F3-209A-44DA-8EBC-97CF12BCCAA1",35868.6266484375
9140,338470,556520,307651.852941176,545653.052941176,"D37A7FA2-A0B8-4655-A24F-0B116150F229",32677.9547480951
9281,346920,550960,307980.61,544362.77,"D17159F3-209A-44DA-8EBC-97CF12BCCAA1",39494.2975281875
9306,344580,559300,307651.852941176,545653.052941176,"D37A7FA2-A0B8-4655-A24F-0B116150F229",39369.1149154313
9313,339680,555830,307651.852941176,545653.052941176,"D37A7FA2-A0B8-4655-A24F-0B116150F229",33606.1371695666
9317,335990,558850,307651.852941176,545653.052941176,"D37A7FA2-A0B8-4655-A24F-0B116150F229",31260.3581297608
9334,338610,554060,307651.852941176,545653.052941176,"D37A7FA2-A0B8-4655-A24F-0B116150F229",32079.3333497691
9335,337960,551170,307980.61,544362.77,"D17159F3-209A-44DA-8EBC-97CF12BCCAA1",30742.5146181148
9391,326740,560070,307651.852941176,545653.052941176,"D37A7FA2-A0B8-4655-A24F-0B116150F229",23920.8219055323
9433,314900,540800,307829.73,541934.46,"D17159F3-209A-44DA-8EBC-97CF12BCCAA1",7160.70648501251
9445,339630,557050,307651.852941176,545653.052941176,"D37A7FA2-A0B8-4655-A24F-0B116150F229",33948.3768621914
9470,339260,555620,307651.852941176,545653.052941176,"D37A7FA2-A0B8-4655-A24F-0B116150F229",33142.3444277198
9482,321250,543500,307998,543713.51,"D17159F3-209A-44DA-8EBC-97CF12BCCAA1",13253.7198748163
9526,341380,553680,307651.852941176,545653.052941176,"D37A7FA2-A0B8-4655-A24F-0B116150F229",34670.1569524394
9533,325510,560350,307651.852941176,545653.052941176,"D37A7FA2-A0B8-4655-A24F-0B116150F229",23128.2007346968
9534,326070,560420,307651.852941176,545653.052941176,"D37A7FA2-A0B8-4655-A24F-0B116150F229",23607.0088431073
9560,310960,541640,307847.85,542053.46,"D17159F3-209A-44DA-8EBC-97CF12BCCAA1",3139.49467177438
9576,346780,555160,307651.852941176,545653.052941176,"D37A7FA2-A0B8-4655-A24F-0B116150F229",40266.5361638693
9578,333320,554490,307651.852941176,545653.052941176,"D37A7FA2-A0B8-4655-A24F-0B116150F229",27146.7384183412
9584,311240,552680,307651.852941176,545653.052941176,"D37A7FA2-A0B8-4655-A24F-0B116150F229",7890.04336383856
9662,310760,541830,307888.55,542308.17,"D17159F3-209A-44DA-8EBC-97CF12BCCAA1",2910.99152375958
9665,349610,555290,307980.61,544362.77,"D17159F3-209A-44DA-8EBC-97CF12BCCAA1",43039.6383261407
9666,349030,555070,307980.61,544362.77,"D17159F3-209A-44DA-8EBC-97CF12BCCAA1",42422.8381139805
9754,338830,556370,307651.852941176,545653.052941176,"D37A7FA2-A0B8-4655-A24F-0B116150F229",32968.618537683
9762,349920,561620,307651.852941176,545653.052941176,"D37A7FA2-A0B8-4655-A24F-0B116150F229",45183.4002058899
9808,330250,557020,307651.852941176,545653.052941176,"D37A7FA2-A0B8-4655-A24F-0B116150F229",25295.9233065392
9810,322930,556810,307651.852941176,545653.052941176,"D37A7FA2-A0B8-4655-A24F-0B116150F229",18918.225213387
9811,323650,556890,307651.852941176,545653.052941176,"D37A7FA2-A0B8-4655-A24F-0B116150F229",19550.1838487148
9844,317280,546450,307980.61,544362.77,"D17159F3-209A-44DA-8EBC-97CF12BCCAA1",9530.74936429451
9877,339990,555350,307651.852941176,545653.052941176,"D37A7FA2-A0B8-4655-A24F-0B116150F229",33760.7247768724
9888,347650,557340,307651.852941176,545653.052941176,"D37A7FA2-A0B8-4655-A24F-0B116150F229",41670.571146734
9912,330900,559120,307651.852941176,545653.052941176,"D37A7FA2-A0B8-4655-A24F-0B116150F229",26866.9872660453
9917,337510,568430,307651.852941176,545653.052941176,"D37A7FA2-A0B8-4655-A24F-0B116150F229",37553.9380505798
9930,346360,546470,307980.61,544362.77,"D17159F3-209A-44DA-8EBC-97CF12BCCAA1",38437.1954627936
9931,346030,545550,307980.61,544362.77,"D17159F3-209A-44DA-8EBC-97CF12BCCAA1",38067.9076709635
10009,325350,548600,307980.61,544362.77,"D17159F3-209A-44DA-8EBC-97CF12BCCAA1",17878.7535092635
10011,341590,555340,307651.852941176,545653.052941176,"D37A7FA2-A0B8-4655-A24F-0B116150F229",35293.5513813329
10076,312820,555840,307651.852941176,545653.052941176,"D37A7FA2-A0B8-4655-A24F-0B116150F229",11422.943333524
10132,319420,554480,307651.852941176,545653.052941176,"D37A7FA2-A0B8-4655-A24F-0B116150F229",14710.6858975838
10133,319090,555590,307651.852941176,545653.052941176,"D37A7FA2-A0B8-4655-A24F-0B116150F229",15151.7036992259
10203,317520,550520,307651.852941176,545653.052941176,"D37A7FA2-A0B8-4655-A24F-0B116150F229",11003.0677562196
10218,329210,555660,307651.852941176,545653.052941176,"D37A7FA2-A0B8-4655-A24F-0B116150F229",23767.4713431606
10279,341380,555060,307651.852941176,545653.052941176,"D37A7FA2-A0B8-4655-A24F-0B116150F229",35015.4045669779
10290,313940,540300,307802.72955916,541801.214318903,"D17159F3-209A-44DA-8EBC-97CF12BCCAA1",6318.20646190753
10298,324121,562461,307651.852941176,545653.052941176,"D37A7FA2-A0B8-4655-A24F-0B116150F229",23531.6784181956
10324,311700,540020,307681.87,541476.12,"D17159F3-209A-44DA-8EBC-97CF12BCCAA1",4273.83365976029
10374,339370,553450,307651.852941176,545653.052941176,"D37A7FA2-A0B8-4655-A24F-0B116150F229",32662.4132036084
10389,339970,555031,307651.852941176,545653.052941176,"D37A7FA2-A0B8-4655-A24F-0B116150F229",33651.2781384874
10390,340550,556980,307651.852941176,545653.052941176,"D37A7FA2-A0B8-4655-A24F-0B116150F229",34793.502404578
10414,335780,561630,307651.852941176,545653.052941176,"D37A7FA2-A0B8-4655-A24F-0B116150F229",32348.9643463783
10416,335860,561080,307651.852941176,545653.052941176,"D37A7FA2-A0B8-4655-A24F-0B116150F229",32151.0537315336
10467,343300,555810,307651.852941176,545653.052941176,"D37A7FA2-A0B8-4655-A24F-0B116150F229",37066.8849821948
10493,310870,554120,307651.852941176,545653.052941176,"D37A7FA2-A0B8-4655-A24F-0B116150F229",9057.90610401407
10531,344990,545170,307987.44,544153.64,"D17159F3-209A-44DA-8EBC-97CF12BCCAA1",37016.5156950678
10532,344950,546350,307980.61,544362.77,"D17159F3-209A-44DA-8EBC-97CF12BCCAA1",37022.7616480051
10577,325740,549030,307980.61,544362.77,"D17159F3-209A-44DA-8EBC-97CF12BCCAA1",18362.4336362313
10584,338050,556520,307651.852941176,545653.052941176,"D37A7FA2-A0B8-4655-A24F-0B116150F229",32282.1604448825
10585,325390,548820,307980.61,544362.77,"D17159F3-209A-44DA-8EBC-97CF12BCCAA1",17970.9142629138
10608,338210,554740,307651.852941176,545653.052941176,"D37A7FA2-A0B8-4655-A24F-0B116150F229",31880.604738909
10678,331730,550340,307980.61,544362.77,"D17159F3-209A-44DA-8EBC-97CF12BCCAA1",24490.0143700448
10690,320750,540410,307888.55,542308.17,"D17159F3-209A-44DA-8EBC-97CF12BCCAA1",13000.7671101132
10757,341800,556080,307651.852941176,545653.052941176,"D37A7FA2-A0B8-4655-A24F-0B116150F229",35704.5819541211
10769,347370,556940,307651.852941176,545653.052941176,"D37A7FA2-A0B8-4655-A24F-0B116150F229",41290.7541671864
10770,346960,556660,307651.852941176,545653.052941176,"D37A7FA2-A0B8-4655-A24F-0B116150F229",40820.1336199901
10800,321820,547150,307980.61,544362.77,"D17159F3-209A-44DA-8EBC-97CF12BCCAA1",14117.2719264382
10830,313180,543820,307997.90626895,543718.285350321,"D17159F3-209A-44DA-8EBC-97CF12BCCAA1",5183.09186753851
10831,313020,543630,307998,543713.51,"D17159F3-209A-44DA-8EBC-97CF12BCCAA1",5022.69428893497
10834,346730,555570,307651.852941176,545653.052941176,"D37A7FA2-A0B8-4655-A24F-0B116150F229",40316.8378784665
10850,314140,541070,307844.075787029,542028.673502012,"D17159F3-209A-44DA-8EBC-97CF12BCCAA1",6368.49405895408
10870,327370,551370,307651.852941176,545653.052941176,"D37A7FA2-A0B8-4655-A24F-0B116150F229",20530.1925735436
10918,343662,548788,307980.61,544362.77,"D17159F3-209A-44DA-8EBC-97CF12BCCAA1",35954.7528552902
14996,347380,562330,307651.852941176,545653.052941176,"D37A7FA2-A0B8-4655-A24F-0B116150F229",43086.4970951494
15310,346200,551100,307980.61,544362.77,"D17159F3-209A-44DA-8EBC-97CF12BCCAA1",38808.6593435666
15313,346060,566540,307651.852941176,545653.052941176,"D37A7FA2-A0B8-4655-A24F-0B116150F229",43720.1362981672
15318,348500,583500,307651.852941176,545653.052941176,"D37A7FA2-A0B8-4655-A24F-0B116150F229",55686.2866405425
15321,323960,550520,307651.852941176,545653.052941176,"D37A7FA2-A0B8-4655-A24F-0B116150F229",17018.8963850658
15325,347220,557670,307651.852941176,545653.052941176,"D37A7FA2-A0B8-4655-A24F-0B116150F229",41352.6937246324
15326,345520,553400,307980.61,544362.77,"D17159F3-209A-44DA-8EBC-97CF12BCCAA1",38611.8806540811
