"specification","market","comparison","group","stage","baseline","baseline_n","variant_n","retained","left","entered"
"did_trends_prior_extensive_salience_groups","sales","london_excluded","bathing","selected","headline",193894,193894,193894,0,0
"did_trends_prior_extensive_salience_groups","sales","london_excluded","bathing","fitted","headline",193843,193843,193843,0,0
"did_trends_prior_extensive_salience_groups","sales","london_excluded","coastal","selected","headline",156321,156321,156321,0,0
"did_trends_prior_extensive_salience_groups","sales","london_excluded","coastal","fitted","headline",156294,156294,156294,0,0
"did_trends_prior_extensive_salience_groups","sales","london_excluded","inland","selected","headline",1801369,1600541,1600541,200828,0
"did_trends_prior_extensive_salience_groups","sales","london_excluded","inland","fitted","headline",1801122,1600327,1600327,200795,0
"did_trends_prior_extensive_salience_groups","sales","bathing_2021","bathing","selected","headline",193894,162374,162374,31520,0
"did_trends_prior_extensive_salience_groups","sales","bathing_2021","bathing","fitted","headline",193843,162336,162336,31507,0
"did_trends_prior_extensive_salience_groups","sales","coast_definition","bathing","selected","legacy_london_excluded",193894,193894,193894,0,0
"did_trends_prior_extensive_salience_groups","sales","coast_definition","bathing","fitted","legacy_london_excluded",193843,193843,193843,0,0
"did_trends_prior_extensive_salience_groups","sales","coast_definition","coastal","selected","legacy_london_excluded",405314,156321,156030,249284,291
"did_trends_prior_extensive_salience_groups","sales","coast_definition","coastal","fitted","legacy_london_excluded",405237,156294,156003,249234,291
"did_trends_prior_extensive_salience_groups","sales","coast_definition","inland","selected","legacy_london_excluded",1351548,1600541,1351257,291,249284
"did_trends_prior_extensive_salience_groups","sales","coast_definition","inland","fitted","legacy_london_excluded",1351330,1600327,1351039,291,249288
"did_trends_prior_extensive_salience_groups","rentals","london_excluded","bathing","selected","headline",42209,42209,42209,0,0
"did_trends_prior_extensive_salience_groups","rentals","london_excluded","bathing","fitted","headline",41966,41966,41966,0,0
"did_trends_prior_extensive_salience_groups","rentals","london_excluded","coastal","selected","headline",33409,33409,33409,0,0
"did_trends_prior_extensive_salience_groups","rentals","london_excluded","coastal","fitted","headline",33248,33248,33248,0,0
"did_trends_prior_extensive_salience_groups","rentals","london_excluded","inland","selected","headline",515909,368546,368546,147363,0
"did_trends_prior_extensive_salience_groups","rentals","london_excluded","inland","fitted","headline",514295,367021,367021,147274,0
"did_trends_prior_extensive_salience_groups","rentals","bathing_2021","bathing","selected","headline",42209,36155,36155,6054,0
"did_trends_prior_extensive_salience_groups","rentals","bathing_2021","bathing","fitted","headline",41966,35950,35950,6016,0
"did_trends_prior_extensive_salience_groups","rentals","coast_definition","bathing","selected","legacy_london_excluded",42209,42209,42209,0,0
"did_trends_prior_extensive_salience_groups","rentals","coast_definition","bathing","fitted","legacy_london_excluded",41966,41966,41966,0,0
"did_trends_prior_extensive_salience_groups","rentals","coast_definition","coastal","selected","legacy_london_excluded",97114,33409,33395,63719,14
"did_trends_prior_extensive_salience_groups","rentals","coast_definition","coastal","fitted","legacy_london_excluded",96700,33248,33234,63466,14
"did_trends_prior_extensive_salience_groups","rentals","coast_definition","inland","selected","legacy_london_excluded",304841,368546,304827,14,63719
"did_trends_prior_extensive_salience_groups","rentals","coast_definition","inland","fitted","legacy_london_excluded",303478,367021,303465,13,63556
"did_articles_prior_extensive_salience_groups","sales","london_excluded","bathing","selected","headline",193894,193894,193894,0,0
"did_articles_prior_extensive_salience_groups","sales","london_excluded","bathing","fitted","headline",193843,193843,193843,0,0
"did_articles_prior_extensive_salience_groups","sales","london_excluded","coastal","selected","headline",156321,156321,156321,0,0
"did_articles_prior_extensive_salience_groups","sales","london_excluded","coastal","fitted","headline",156294,156294,156294,0,0
"did_articles_prior_extensive_salience_groups","sales","london_excluded","inland","selected","headline",1801369,1600541,1600541,200828,0
"did_articles_prior_extensive_salience_groups","sales","london_excluded","inland","fitted","headline",1801122,1600327,1600327,200795,0
"did_articles_prior_extensive_salience_groups","sales","bathing_2021","bathing","selected","headline",193894,162374,162374,31520,0
"did_articles_prior_extensive_salience_groups","sales","bathing_2021","bathing","fitted","headline",193843,162336,162336,31507,0
"did_articles_prior_extensive_salience_groups","sales","coast_definition","bathing","selected","legacy_london_excluded",193894,193894,193894,0,0
"did_articles_prior_extensive_salience_groups","sales","coast_definition","bathing","fitted","legacy_london_excluded",193843,193843,193843,0,0
"did_articles_prior_extensive_salience_groups","sales","coast_definition","coastal","selected","legacy_london_excluded",405314,156321,156030,249284,291
"did_articles_prior_extensive_salience_groups","sales","coast_definition","coastal","fitted","legacy_london_excluded",405237,156294,156003,249234,291
"did_articles_prior_extensive_salience_groups","sales","coast_definition","inland","selected","legacy_london_excluded",1351548,1600541,1351257,291,249284
"did_articles_prior_extensive_salience_groups","sales","coast_definition","inland","fitted","legacy_london_excluded",1351330,1600327,1351039,291,249288
"did_articles_prior_extensive_salience_groups","rentals","london_excluded","bathing","selected","headline",42209,42209,42209,0,0
"did_articles_prior_extensive_salience_groups","rentals","london_excluded","bathing","fitted","headline",41966,41966,41966,0,0
"did_articles_prior_extensive_salience_groups","rentals","london_excluded","coastal","selected","headline",33409,33409,33409,0,0
"did_articles_prior_extensive_salience_groups","rentals","london_excluded","coastal","fitted","headline",33248,33248,33248,0,0
"did_articles_prior_extensive_salience_groups","rentals","london_excluded","inland","selected","headline",515909,368546,368546,147363,0
"did_articles_prior_extensive_salience_groups","rentals","london_excluded","inland","fitted","headline",514295,367021,367021,147274,0
"did_articles_prior_extensive_salience_groups","rentals","bathing_2021","bathing","selected","headline",42209,36155,36155,6054,0
"did_articles_prior_extensive_salience_groups","rentals","bathing_2021","bathing","fitted","headline",41966,35950,35950,6016,0
"did_articles_prior_extensive_salience_groups","rentals","coast_definition","bathing","selected","legacy_london_excluded",42209,42209,42209,0,0
"did_articles_prior_extensive_salience_groups","rentals","coast_definition","bathing","fitted","legacy_london_excluded",41966,41966,41966,0,0
"did_articles_prior_extensive_salience_groups","rentals","coast_definition","coastal","selected","legacy_london_excluded",97114,33409,33395,63719,14
"did_articles_prior_extensive_salience_groups","rentals","coast_definition","coastal","fitted","legacy_london_excluded",96700,33248,33234,63466,14
"did_articles_prior_extensive_salience_groups","rentals","coast_definition","inland","selected","legacy_london_excluded",304841,368546,304827,14,63719
"did_articles_prior_extensive_salience_groups","rentals","coast_definition","inland","fitted","legacy_london_excluded",303478,367021,303465,13,63556
"did_trends_prior_salience_groups","sales","london_excluded","bathing","selected","headline",15677,15677,15677,0,0
"did_trends_prior_salience_groups","sales","london_excluded","bathing","fitted","headline",15630,15630,15630,0,0
"did_trends_prior_salience_groups","sales","london_excluded","coastal","selected","headline",12661,12661,12661,0,0
"did_trends_prior_salience_groups","sales","london_excluded","coastal","fitted","headline",12624,12624,12624,0,0
"did_trends_prior_salience_groups","sales","london_excluded","inland","selected","headline",153531,147457,147457,6074,0
"did_trends_prior_salience_groups","sales","london_excluded","inland","fitted","headline",153091,147025,147025,6066,0
"did_trends_prior_salience_groups","sales","bathing_2021","bathing","selected","headline",15677,13054,13054,2623,0
"did_trends_prior_salience_groups","sales","bathing_2021","bathing","fitted","headline",15630,13012,13012,2618,0
"did_trends_prior_salience_groups","sales","coast_definition","bathing","selected","legacy_london_excluded",15677,15677,15677,0,0
"did_trends_prior_salience_groups","sales","coast_definition","bathing","fitted","legacy_london_excluded",15630,15630,15630,0,0
"did_trends_prior_salience_groups","sales","coast_definition","coastal","selected","legacy_london_excluded",34543,12661,12661,21882,0
"did_trends_prior_salience_groups","sales","coast_definition","coastal","fitted","legacy_london_excluded",34444,12624,12624,21820,0
"did_trends_prior_salience_groups","sales","coast_definition","inland","selected","legacy_london_excluded",125575,147457,125575,0,21882
"did_trends_prior_salience_groups","sales","coast_definition","inland","fitted","legacy_london_excluded",125201,147025,125201,0,21824
"did_trends_prior_salience_groups","rentals","london_excluded","bathing","selected","headline",2826,2826,2826,0,0
"did_trends_prior_salience_groups","rentals","london_excluded","bathing","fitted","headline",2715,2715,2715,0,0
"did_trends_prior_salience_groups","rentals","london_excluded","coastal","selected","headline",2249,2249,2249,0,0
"did_trends_prior_salience_groups","rentals","london_excluded","coastal","fitted","headline",2168,2168,2168,0,0
"did_trends_prior_salience_groups","rentals","london_excluded","inland","selected","headline",44175,38337,38337,5838,0
"did_trends_prior_salience_groups","rentals","london_excluded","inland","fitted","headline",43228,37405,37405,5823,0
"did_trends_prior_salience_groups","rentals","bathing_2021","bathing","selected","headline",2826,2361,2361,465,0
"did_trends_prior_salience_groups","rentals","bathing_2021","bathing","fitted","headline",2715,2260,2260,455,0
"did_trends_prior_salience_groups","rentals","coast_definition","bathing","selected","legacy_london_excluded",2826,2826,2826,0,0
"did_trends_prior_salience_groups","rentals","coast_definition","bathing","fitted","legacy_london_excluded",2715,2715,2715,0,0
"did_trends_prior_salience_groups","rentals","coast_definition","coastal","selected","legacy_london_excluded",8824,2249,2249,6575,0
"did_trends_prior_salience_groups","rentals","coast_definition","coastal","fitted","legacy_london_excluded",8621,2168,2168,6453,0
"did_trends_prior_salience_groups","rentals","coast_definition","inland","selected","legacy_london_excluded",31762,38337,31762,0,6575
"did_trends_prior_salience_groups","rentals","coast_definition","inland","fitted","legacy_london_excluded",30955,37405,30955,0,6450
"did_articles_prior_salience_groups","sales","london_excluded","bathing","selected","headline",15677,15677,15677,0,0
"did_articles_prior_salience_groups","sales","london_excluded","bathing","fitted","headline",15630,15630,15630,0,0
"did_articles_prior_salience_groups","sales","london_excluded","coastal","selected","headline",12661,12661,12661,0,0
"did_articles_prior_salience_groups","sales","london_excluded","coastal","fitted","headline",12624,12624,12624,0,0
"did_articles_prior_salience_groups","sales","london_excluded","inland","selected","headline",153531,147457,147457,6074,0
"did_articles_prior_salience_groups","sales","london_excluded","inland","fitted","headline",153091,147025,147025,6066,0
"did_articles_prior_salience_groups","sales","bathing_2021","bathing","selected","headline",15677,13054,13054,2623,0
"did_articles_prior_salience_groups","sales","bathing_2021","bathing","fitted","headline",15630,13012,13012,2618,0
"did_articles_prior_salience_groups","sales","coast_definition","bathing","selected","legacy_london_excluded",15677,15677,15677,0,0
"did_articles_prior_salience_groups","sales","coast_definition","bathing","fitted","legacy_london_excluded",15630,15630,15630,0,0
"did_articles_prior_salience_groups","sales","coast_definition","coastal","selected","legacy_london_excluded",34543,12661,12661,21882,0
"did_articles_prior_salience_groups","sales","coast_definition","coastal","fitted","legacy_london_excluded",34444,12624,12624,21820,0
"did_articles_prior_salience_groups","sales","coast_definition","inland","selected","legacy_london_excluded",125575,147457,125575,0,21882
"did_articles_prior_salience_groups","sales","coast_definition","inland","fitted","legacy_london_excluded",125201,147025,125201,0,21824
"did_articles_prior_salience_groups","rentals","london_excluded","bathing","selected","headline",2826,2826,2826,0,0
"did_articles_prior_salience_groups","rentals","london_excluded","bathing","fitted","headline",2715,2715,2715,0,0
"did_articles_prior_salience_groups","rentals","london_excluded","coastal","selected","headline",2249,2249,2249,0,0
"did_articles_prior_salience_groups","rentals","london_excluded","coastal","fitted","headline",2168,2168,2168,0,0
"did_articles_prior_salience_groups","rentals","london_excluded","inland","selected","headline",44175,38337,38337,5838,0
"did_articles_prior_salience_groups","rentals","london_excluded","inland","fitted","headline",43228,37405,37405,5823,0
"did_articles_prior_salience_groups","rentals","bathing_2021","bathing","selected","headline",2826,2361,2361,465,0
"did_articles_prior_salience_groups","rentals","bathing_2021","bathing","fitted","headline",2715,2260,2260,455,0
"did_articles_prior_salience_groups","rentals","coast_definition","bathing","selected","legacy_london_excluded",2826,2826,2826,0,0
"did_articles_prior_salience_groups","rentals","coast_definition","bathing","fitted","legacy_london_excluded",2715,2715,2715,0,0
"did_articles_prior_salience_groups","rentals","coast_definition","coastal","selected","legacy_london_excluded",8824,2249,2249,6575,0
"did_articles_prior_salience_groups","rentals","coast_definition","coastal","fitted","legacy_london_excluded",8621,2168,2168,6453,0
"did_articles_prior_salience_groups","rentals","coast_definition","inland","selected","legacy_london_excluded",31762,38337,31762,0,6575
"did_articles_prior_salience_groups","rentals","coast_definition","inland","fitted","legacy_london_excluded",30955,37405,30955,0,6450
"hedonic_count_continuous_prior_salience_groups","sales","london_excluded","bathing","selected","headline",15433,15433,15433,0,0
"hedonic_count_continuous_prior_salience_groups","sales","london_excluded","bathing","fitted","headline",15384,15384,15384,0,0
"hedonic_count_continuous_prior_salience_groups","sales","london_excluded","coastal","selected","headline",12637,12637,12637,0,0
"hedonic_count_continuous_prior_salience_groups","sales","london_excluded","coastal","fitted","headline",12600,12600,12600,0,0
"hedonic_count_continuous_prior_salience_groups","sales","london_excluded","inland","selected","headline",153555,147481,147481,6074,0
"hedonic_count_continuous_prior_salience_groups","sales","london_excluded","inland","fitted","headline",153115,147049,147049,6066,0
"hedonic_count_continuous_prior_salience_groups","sales","bathing_2021","bathing","selected","headline",15433,12776,12776,2657,0
"hedonic_count_continuous_prior_salience_groups","sales","bathing_2021","bathing","fitted","headline",15384,12732,12732,2652,0
"hedonic_count_continuous_prior_salience_groups","sales","coast_definition","bathing","selected","legacy_london_excluded",15433,15433,15433,0,0
"hedonic_count_continuous_prior_salience_groups","sales","coast_definition","bathing","fitted","legacy_london_excluded",15384,15384,15384,0,0
"hedonic_count_continuous_prior_salience_groups","sales","coast_definition","coastal","selected","legacy_london_excluded",34497,12637,12637,21860,0
"hedonic_count_continuous_prior_salience_groups","sales","coast_definition","coastal","fitted","legacy_london_excluded",34399,12600,12600,21799,0
"hedonic_count_continuous_prior_salience_groups","sales","coast_definition","inland","selected","legacy_london_excluded",125621,147481,125621,0,21860
"hedonic_count_continuous_prior_salience_groups","sales","coast_definition","inland","fitted","legacy_london_excluded",125247,147049,125247,0,21802
"hedonic_count_continuous_prior_salience_groups","rentals","london_excluded","bathing","selected","headline",2783,2783,2783,0,0
"hedonic_count_continuous_prior_salience_groups","rentals","london_excluded","bathing","fitted","headline",2674,2674,2674,0,0
"hedonic_count_continuous_prior_salience_groups","rentals","london_excluded","coastal","selected","headline",2247,2247,2247,0,0
"hedonic_count_continuous_prior_salience_groups","rentals","london_excluded","coastal","fitted","headline",2166,2166,2166,0,0
"hedonic_count_continuous_prior_salience_groups","rentals","london_excluded","inland","selected","headline",44177,38339,38339,5838,0
"hedonic_count_continuous_prior_salience_groups","rentals","london_excluded","inland","fitted","headline",43230,37407,37407,5823,0
"hedonic_count_continuous_prior_salience_groups","rentals","bathing_2021","bathing","selected","headline",2783,2321,2321,462,0
"hedonic_count_continuous_prior_salience_groups","rentals","bathing_2021","bathing","fitted","headline",2674,2223,2223,451,0
"hedonic_count_continuous_prior_salience_groups","rentals","coast_definition","bathing","selected","legacy_london_excluded",2783,2783,2783,0,0
"hedonic_count_continuous_prior_salience_groups","rentals","coast_definition","bathing","fitted","legacy_london_excluded",2674,2674,2674,0,0
"hedonic_count_continuous_prior_salience_groups","rentals","coast_definition","coastal","selected","legacy_london_excluded",8821,2247,2247,6574,0
"hedonic_count_continuous_prior_salience_groups","rentals","coast_definition","coastal","fitted","legacy_london_excluded",8617,2166,2166,6451,0
"hedonic_count_continuous_prior_salience_groups","rentals","coast_definition","inland","selected","legacy_london_excluded",31765,38339,31765,0,6574
"hedonic_count_continuous_prior_salience_groups","rentals","coast_definition","inland","fitted","legacy_london_excluded",30958,37407,30958,0,6449
